URL,Zuletzt gecrawlt
https://attilakrick.com/home/,2026-02-10
https://attilakrick.com/powershell/powershell-script-aufbau/,2026-02-07
https://www.attilakrick.com/home/,2026-02-05
https://attilakrick.com/powershell/funktionsweise-powershell-pipeline/,2026-01-29
https://attilakrick.com/powershell/,2026-01-08
https://attilakrick.com/powershell/cmdlet-erstellen/,2025-12-22
https://www.attilakrick.com/seminar/,2025-12-12
https://attilakrick.com/powershell/powershell-sicherheit/,2025-12-11
https://attilakrick.com/powershell/powershell-objekt-analyse/,2025-12-08
https://attilakrick.com/powershell/verschluesseln-mit-powershell/,2025-11-22
https://attilakrick.com/datenschutzerklaerung/,2025-11-18
https://attilakrick.com/wp-admin/admin-ajax.php,2025-11-16
https://attilakrick.com/powershell/cmdlet-finden/,2025-11-16
https://attilakrick.com/powershell/powershell-objekt-erweiterung/,2025-11-15
https://attilakrick.com/feed/,2025-09-11
https://attilakrick.com/powershell/powershell-wissenstest/,2025-08-30
https://attilakrick.com/leistungen/,2025-08-19